country,Year,HappinessScore,GDP,LifeExpectancy,confirmed,deaths,recovered,confirmed_log,confirmed_per_100k
brazil,2019,6.3,1800,75,18373,188,10879,9.818691900831412,9.818691900831412
france,2019,6.5,2700,82,18279,183,10824,9.813562845008141,9.813562845008141
germany,2019,7.1,4000,81,18323,189,10844,9.815966955006633,9.815966955006633
india,2019,3.8,2800,69,73582,1297,44011,11.20616929977651,11.20616929977651
united states,2019,7.0,21000,79,72873,1262,43573,11.196487201431715,11.196487201431715
